{
	"info": {
		"_postman_id": "12345678-1234-1234-1234-123456789abc",
		"name": "JPA OneToOne Unidireccional - Auto & Motor",
		"description": "Colección completa para testear la relación OneToOne unidireccional entre Auto y Motor",
		"schema": "https://schema.getpostman.com/json/collection/v2.1.0/collection.json",
		"_exporter_id": "12345678"
	},
	"item": [
		{
			"name": "🔧 MOTORES - CRUD Básico",
			"item": [
				{
					"name": "1. Crear Motor - Honda",
					"request": {
						"method": "POST",
						"header": [
							{
								"key": "Content-Type",
								"value": "application/json"
							}
						],
						"body": {
							"mode": "raw",
							"raw": "{\n  \"cilindrada\": 1600,\n  \"marcaMotor\": \"Honda\"\n}"
						},
						"url": {
							"raw": "http://localhost:8080/api/motores",
							"protocol": "http",
							"host": [
								"localhost"
							],
							"port": "8080",
							"path": [
								"api",
								"motores"
							]
						}
					},
					"response": []
				},
				{
					"name": "2. Crear Motor - Toyota",
					"request": {
						"method": "POST",
						"header": [
							{
								"key": "Content-Type",
								"value": "application/json"
							}
						],
						"body": {
							"mode": "raw",
							"raw": "{\n  \"cilindrada\": 2000,\n  \"marcaMotor\": \"Toyota\"\n}"
						},
						"url": {
							"raw": "http://localhost:8080/api/motores",
							"protocol": "http",
							"host": [
								"localhost"
							],
							"port": "8080",
							"path": [
								"api",
								"motores"
							]
						}
					},
					"response": []
				},
				{
					"name": "3. Crear Motor - Nissan",
					"request": {
						"method": "POST",
						"header": [
							{
								"key": "Content-Type",
								"value": "application/json"
							}
						],
						"body": {
							"mode": "raw",
							"raw": "{\n  \"cilindrada\": 1800,\n  \"marcaMotor\": \"Nissan\"\n}"
						},
						"url": {
							"raw": "http://localhost:8080/api/motores",
							"protocol": "http",
							"host": [
								"localhost"
							],
							"port": "8080",
							"path": [
								"api",
								"motores"
							]
						}
					},
					"response": []
				},
				{
					"name": "4. Listar Todos los Motores",
					"request": {
						"method": "GET",
						"header": [],
						"url": {
							"raw": "http://localhost:8080/api/motores",
							"protocol": "http",
							"host": [
								"localhost"
							],
							"port": "8080",
							"path": [
								"api",
								"motores"
							]
						}
					},
					"response": []
				},
				{
					"name": "5. Obtener Motor por ID",
					"request": {
						"method": "GET",
						"header": [],
						"url": {
							"raw": "http://localhost:8080/api/motores/1",
							"protocol": "http",
							"host": [
								"localhost"
							],
							"port": "8080",
							"path": [
								"api",
								"motores",
								"1"
							]
						}
					},
					"response": []
				},
				{
					"name": "6. ✅ Actualizar Motor (CORRECTO)",
					"request": {
						"method": "PUT",
						"header": [
							{
								"key": "Content-Type",
								"value": "application/json"
							}
						],
						"body": {
							"mode": "raw",
							"raw": "{\n  \"cilindrada\": 1800,\n  \"marcaMotor\": \"Honda VTEC\"\n}"
						},
						"url": {
							"raw": "http://localhost:8080/api/motores/1",
							"protocol": "http",
							"host": [
								"localhost"
							],
							"port": "8080",
							"path": [
								"api",
								"motores",
								"1"
							]
						}
					},
					"response": []
				},
				{
					"name": "7. Eliminar Motor",
					"request": {
						"method": "DELETE",
						"header": [],
						"url": {
							"raw": "http://localhost:8080/api/motores/3",
							"protocol": "http",
							"host": [
								"localhost"
							],
							"port": "8080",
							"path": [
								"api",
								"motores",
								"3"
							]
						}
					},
					"response": []
				}
			]
		},
		{
			"name": "🚗 AUTOS - CRUD con Relación",
			"item": [
				{
					"name": "1. Crear Auto con Motor Existente",
					"request": {
						"method": "POST",
						"header": [
							{
								"key": "Content-Type",
								"value": "application/json"
							}
						],
						"body": {
							"mode": "raw",
							"raw": "{\n  \"marca\": \"Honda\",\n  \"modelo\": \"Civic\",\n  \"precio\": 25000.00,\n  \"motor\": {\n    \"idMotor\": 1\n  }\n}"
						},
						"url": {
							"raw": "http://localhost:8080/api/autos",
							"protocol": "http",
							"host": [
								"localhost"
							],
							"port": "8080",
							"path": [
								"api",
								"autos"
							]
						}
					},
					"response": []
				},
				{
					"name": "2. Crear Auto con Motor Nuevo (Cascada)",
					"request": {
						"method": "POST",
						"header": [
							{
								"key": "Content-Type",
								"value": "application/json"
							}
						],
						"body": {
							"mode": "raw",
							"raw": "{\n  \"marca\": \"Toyota\",\n  \"modelo\": \"Corolla\",\n  \"precio\": 22000.00,\n  \"motor\": {\n    \"cilindrada\": 2000,\n    \"marcaMotor\": \"Toyota 2.0\"\n  }\n}"
						},
						"url": {
							"raw": "http://localhost:8080/api/autos",
							"protocol": "http",
							"host": [
								"localhost"
							],
							"port": "8080",
							"path": [
								"api",
								"autos"
							]
						}
					},
					"response": []
				},
				{
					"name": "3. Crear Auto - Nissan Sentra",
					"request": {
						"method": "POST",
						"header": [
							{
								"key": "Content-Type",
								"value": "application/json"
							}
						],
						"body": {
							"mode": "raw",
							"raw": "{\n  \"marca\": \"Nissan\",\n  \"modelo\": \"Sentra\",\n  \"precio\": 24000.00,\n  \"motor\": {\n    \"idMotor\": 2\n  }\n}"
						},
						"url": {
							"raw": "http://localhost:8080/api/autos",
							"protocol": "http",
							"host": [
								"localhost"
							],
							"port": "8080",
							"path": [
								"api",
								"autos"
							]
						}
					},
					"response": []
				},
				{
					"name": "4. Listar Todos los Autos (EAGER)",
					"request": {
						"method": "GET",
						"header": [],
						"url": {
							"raw": "http://localhost:8080/api/autos",
							"protocol": "http",
							"host": [
								"localhost"
							],
							"port": "8080",
							"path": [
								"api",
								"autos"
							]
						}
					},
					"response": []
				},
				{
					"name": "5. Obtener Auto por ID",
					"request": {
						"method": "GET",
						"header": [],
						"url": {
							"raw": "http://localhost:8080/api/autos/1",
							"protocol": "http",
							"host": [
								"localhost"
							],
							"port": "8080",
							"path": [
								"api",
								"autos",
								"1"
							]
						}
					},
					"response": []
				},
				{
					"name": "6. Test EAGER Fetch",
					"request": {
						"method": "GET",
						"header": [],
						"url": {
							"raw": "http://localhost:8080/api/autos/test-eager/1",
							"protocol": "http",
							"host": [
								"localhost"
							],
							"port": "8080",
							"path": [
								"api",
								"autos",
								"test-eager",
								"1"
							]
						}
					},
					"response": []
				},
				{
					"name": "7. Actualizar Auto Completo",
					"request": {
						"method": "PUT",
						"header": [
							{
								"key": "Content-Type",
								"value": "application/json"
							}
						],
						"body": {
							"mode": "raw",
							"raw": "{\n  \"marca\": \"Honda\",\n  \"modelo\": \"Civic Type R\",\n  \"precio\": 35000.00,\n  \"motor\": {\n    \"idMotor\": 1,\n    \"cilindrada\": 2000,\n    \"marcaMotor\": \"Honda VTEC Turbo\"\n  }\n}"
						},
						"url": {
							"raw": "http://localhost:8080/api/autos/1",
							"protocol": "http",
							"host": [
								"localhost"
							],
							"port": "8080",
							"path": [
								"api",
								"autos",
								"1"
							]
						}
					},
					"response": []
				},
				{
					"name": "8. Eliminar Auto",
					"request": {
						"method": "DELETE",
						"header": [],
						"url": {
							"raw": "http://localhost:8080/api/autos/3",
							"protocol": "http",
							"host": [
								"localhost"
							],
							"port": "8080",
							"path": [
								"api",
								"autos",
								"3"
							]
						}
					},
					"response": []
				}
			]
		},
		{
			"name": "🔍 CONSULTAS ESPECÍFICAS",
			"item": [
				{
					"name": "1. Buscar Autos por Marca de Motor - Honda",
					"request": {
						"method": "GET",
						"header": [],
						"url": {
							"raw": "http://localhost:8080/api/autos/por-marca-motor?marcaMotor=Honda",
							"protocol": "http",
							"host": [
								"localhost"
							],
							"port": "8080",
							"path": [
								"api",
								"autos",
								"por-marca-motor"
							],
							"query": [
								{
									"key": "marcaMotor",
									"value": "Honda"
								}
							]
						}
					},
					"response": []
				},
				{
					"name": "2. Buscar Autos por Marca de Motor - Toyota",
					"request": {
						"method": "GET",
						"header": [],
						"url": {
							"raw": "http://localhost:8080/api/autos/por-marca-motor?marcaMotor=Toyota",
							"protocol": "http",
							"host": [
								"localhost"
							],
							"port": "8080",
							"path": [
								"api",
								"autos",
								"por-marca-motor"
							],
							"query": [
								{
									"key": "marcaMotor",
									"value": "Toyota"
								}
							]
						}
					},
					"response": []
				},
				{
					"name": "3. Buscar Autos por Cilindrada - 1600",
					"request": {
						"method": "GET",
						"header": [],
						"url": {
							"raw": "http://localhost:8080/api/autos/por-cilindrada?cilindrada=1600",
							"protocol": "http",
							"host": [
								"localhost"
							],
							"port": "8080",
							"path": [
								"api",
								"autos",
								"por-cilindrada"
							],
							"query": [
								{
									"key": "cilindrada",
									"value": "1600"
								}
							]
						}
					},
					"response": []
				},
				{
					"name": "4. Buscar Autos por Cilindrada - 2000",
					"request": {
						"method": "GET",
						"header": [],
						"url": {
							"raw": "http://localhost:8080/api/autos/por-cilindrada?cilindrada=2000",
							"protocol": "http",
							"host": [
								"localhost"
							],
							"port": "8080",
							"path": [
								"api",
								"autos",
								"por-cilindrada"
							],
							"query": [
								{
									"key": "cilindrada",
									"value": "2000"
								}
							]
						}
					},
					"response": []
				}
			]
		},
		{
			"name": "⚠️ CASOS PROBLEMÁTICOS",
			"item": [
				{
					"name": "❌ ERROR: PUT Motor con ID (NO HACER)",
					"request": {
						"method": "PUT",
						"header": [
							{
								"key": "Content-Type",
								"value": "application/json"
							}
						],
						"body": {
							"mode": "raw",
							"raw": "{\n  \"idMotor\": 2,\n  \"cilindrada\": 1800,\n  \"marcaMotor\": \"Honda VTEC\"\n}"
						},
						"url": {
							"raw": "http://localhost:8080/api/motores/1",
							"protocol": "http",
							"host": [
								"localhost"
							],
							"port": "8080",
							"path": [
								"api",
								"motores",
								"1"
							]
						}
					},
					"response": []
				}
			]
		},
		{
			"name": "🧪 FLUJO COMPLETO DE PRUEBA",
			"item": [
				{
					"name": "PASO 1: Crear Motor Base",
					"request": {
						"method": "POST",
						"header": [
							{
								"key": "Content-Type",
								"value": "application/json"
							}
						],
						"body": {
							"mode": "raw",
							"raw": "{\n  \"cilindrada\": 2400,\n  \"marcaMotor\": \"Ford EcoBoost\"\n}"
						},
						"url": {
							"raw": "http://localhost:8080/api/motores",
							"protocol": "http",
							"host": [
								"localhost"
							],
							"port": "8080",
							"path": [
								"api",
								"motores"
							]
						}
					},
					"response": []
				},
				{
					"name": "PASO 2: Verificar Motor Creado",
					"request": {
						"method": "GET",
						"header": [],
						"url": {
							"raw": "http://localhost:8080/api/motores",
							"protocol": "http",
							"host": [
								"localhost"
							],
							"port": "8080",
							"path": [
								"api",
								"motores"
							]
						}
					},
					"response": []
				},
				{
					"name": "PASO 3: Crear Auto con Motor Existente",
					"request": {
						"method": "POST",
						"header": [
							{
								"key": "Content-Type",
								"value": "application/json"
							}
						],
						"body": {
							"mode": "raw",
							"raw": "{\n  \"marca\": \"Ford\",\n  \"modelo\": \"Focus\",\n  \"precio\": 21000.00,\n  \"motor\": {\n    \"idMotor\": 4\n  }\n}"
						},
						"url": {
							"raw": "http://localhost:8080/api/autos",
							"protocol": "http",
							"host": [
								"localhost"
							],
							"port": "8080",
							"path": [
								"api",
								"autos"
							]
						}
					},
					"response": []
				},
				{
					"name": "PASO 4: Verificar Auto con EAGER",
					"request": {
						"method": "GET",
						"header": [],
						"url": {
							"raw": "http://localhost:8080/api/autos",
							"protocol": "http",
							"host": [
								"localhost"
							],
							"port": "8080",
							"path": [
								"api",
								"autos"
							]
						}
					},
					"response": []
				},
				{
					"name": "PASO 5: Actualizar Motor Correctamente",
					"request": {
						"method": "PUT",
						"header": [
							{
								"key": "Content-Type",
								"value": "application/json"
							}
						],
						"body": {
							"mode": "raw",
							"raw": "{\n  \"cilindrada\": 2500,\n  \"marcaMotor\": \"Ford EcoBoost Turbo\"\n}"
						},
						"url": {
							"raw": "http://localhost:8080/api/motores/4",
							"protocol": "http",
							"host": [
								"localhost"
							],
							"port": "8080",
							"path": [
								"api",
								"motores",
								"4"
							]
						}
					},
					"response": []
				},
				{
					"name": "PASO 6: Verificar Cambios",
					"request": {
						"method": "GET",
						"header": [],
						"url": {
							"raw": "http://localhost:8080/api/autos/test-eager/4",
							"protocol": "http",
							"host": [
								"localhost"
							],
							"port": "8080",
							"path": [
								"api",
								"autos",
								"test-eager",
								"4"
							]
						}
					},
					"response": []
				}
			]
		}
	],
	"variable": [
		{
			"key": "baseUrl",
			"value": "http://localhost:8080",
			"type": "string"
		}
	]
}