{
	"info": {
		"_postman_id": "toa-api-collection",
		"name": "TOA Spring Boot API",
		"description": "API REST para gestión de Estudiantes, Cursos e Inscripciones con relación muchos a muchos",
		"schema": "https://schema.getpostman.com/json/collection/v2.1.0/collection.json"
	},
	"item": [
		{
			"name": "Estudiantes",
			"item": [
				{
					"name": "Get All Estudiantes",
					"request": {
						"method": "GET",
						"header": [],
						"url": {
							"raw": "http://localhost:8080/api/estudiantes",
							"protocol": "http",
							"host": [
								"localhost"
							],
							"port": "8080",
							"path": [
								"api",
								"estudiantes"
							]
						}
					},
					"response": []
				},
				{
					"name": "Get Estudiante By ID",
					"request": {
						"method": "GET",
						"header": [],
						"url": {
							"raw": "http://localhost:8080/api/estudiantes/1",
							"protocol": "http",
							"host": [
								"localhost"
							],
							"port": "8080",
							"path": [
								"api",
								"estudiantes",
								"1"
							]
						}
					},
					"response": []
				},
				{
					"name": "Create Estudiante",
					"request": {
						"method": "POST",
						"header": [
							{
								"key": "Content-Type",
								"value": "application/json"
							}
						],
						"body": {
							"mode": "raw",
							"raw": "{\n    \"apellido\": \"García\"\n}"
						},
						"url": {
							"raw": "http://localhost:8080/api/estudiantes",
							"protocol": "http",
							"host": [
								"localhost"
							],
							"port": "8080",
							"path": [
								"api",
								"estudiantes"
							]
						}
					},
					"response": []
				},
				{
					"name": "Update Estudiante (PUT)",
					"request": {
						"method": "PUT",
						"header": [
							{
								"key": "Content-Type",
								"value": "application/json"
							}
						],
						"body": {
							"mode": "raw",
							"raw": "{\n    \"apellido\": \"Rodríguez\"\n}"
						},
						"url": {
							"raw": "http://localhost:8080/api/estudiantes/1",
							"protocol": "http",
							"host": [
								"localhost"
							],
							"port": "8080",
							"path": [
								"api",
								"estudiantes",
								"1"
							]
						}
					},
					"response": []
				},
				{
					"name": "Update Estudiante (PATCH)",
					"request": {
						"method": "PATCH",
						"header": [
							{
								"key": "Content-Type",
								"value": "application/json"
							}
						],
						"body": {
							"mode": "raw",
							"raw": "{\n    \"apellido\": \"Martínez\"\n}"
						},
						"url": {
							"raw": "http://localhost:8080/api/estudiantes/1",
							"protocol": "http",
							"host": [
								"localhost"
							],
							"port": "8080",
							"path": [
								"api",
								"estudiantes",
								"1"
							]
						}
					},
					"response": []
				},
				{
					"name": "Delete Estudiante",
					"request": {
						"method": "DELETE",
						"header": [],
						"url": {
							"raw": "http://localhost:8080/api/estudiantes/1",
							"protocol": "http",
							"host": [
								"localhost"
							],
							"port": "8080",
							"path": [
								"api",
								"estudiantes",
								"1"
							]
						}
					},
					"response": []
				}
			]
		},
		{
			"name": "Cursos",
			"item": [
				{
					"name": "Get All Cursos",
					"request": {
						"method": "GET",
						"header": [],
						"url": {
							"raw": "http://localhost:8080/api/cursos",
							"protocol": "http",
							"host": [
								"localhost"
							],
							"port": "8080",
							"path": [
								"api",
								"cursos"
							]
						}
					},
					"response": []
				},
				{
					"name": "Get Curso By ID",
					"request": {
						"method": "GET",
						"header": [],
						"url": {
							"raw": "http://localhost:8080/api/cursos/1",
							"protocol": "http",
							"host": [
								"localhost"
							],
							"port": "8080",
							"path": [
								"api",
								"cursos",
								"1"
							]
						}
					},
					"response": []
				},
				{
					"name": "Create Curso",
					"request": {
						"method": "POST",
						"header": [
							{
								"key": "Content-Type",
								"value": "application/json"
							}
						],
						"body": {
							"mode": "raw",
							"raw": "{\n    \"nombre\": \"Matemáticas\"\n}"
						},
						"url": {
							"raw": "http://localhost:8080/api/cursos",
							"protocol": "http",
							"host": [
								"localhost"
							],
							"port": "8080",
							"path": [
								"api",
								"cursos"
							]
						}
					},
					"response": []
				},
				{
					"name": "Update Curso (PUT)",
					"request": {
						"method": "PUT",
						"header": [
							{
								"key": "Content-Type",
								"value": "application/json"
							}
						],
						"body": {
							"mode": "raw",
							"raw": "{\n    \"nombre\": \"Física\"\n}"
						},
						"url": {
							"raw": "http://localhost:8080/api/cursos/1",
							"protocol": "http",
							"host": [
								"localhost"
							],
							"port": "8080",
							"path": [
								"api",
								"cursos",
								"1"
							]
						}
					},
					"response": []
				},
				{
					"name": "Update Curso (PATCH)",
					"request": {
						"method": "PATCH",
						"header": [
							{
								"key": "Content-Type",
								"value": "application/json"
							}
						],
						"body": {
							"mode": "raw",
							"raw": "{\n    \"nombre\": \"Química\"\n}"
						},
						"url": {
							"raw": "http://localhost:8080/api/cursos/1",
							"protocol": "http",
							"host": [
								"localhost"
							],
							"port": "8080",
							"path": [
								"api",
								"cursos",
								"1"
							]
						}
					},
					"response": []
				},
				{
					"name": "Delete Curso",
					"request": {
						"method": "DELETE",
						"header": [],
						"url": {
							"raw": "http://localhost:8080/api/cursos/1",
							"protocol": "http",
							"host": [
								"localhost"
							],
							"port": "8080",
							"path": [
								"api",
								"cursos",
								"1"
							]
						}
					},
					"response": []
				}
			]
		},
		{
			"name": "Inscripciones",
			"item": [
				{
					"name": "Get All Inscripciones",
					"request": {
						"method": "GET",
						"header": [],
						"url": {
							"raw": "http://localhost:8080/api/inscripciones",
							"protocol": "http",
							"host": [
								"localhost"
							],
							"port": "8080",
							"path": [
								"api",
								"inscripciones"
							]
						}
					},
					"response": []
				},
				{
					"name": "Get Inscripcion By Composite Key",
					"request": {
						"method": "GET",
						"header": [],
						"url": {
							"raw": "http://localhost:8080/api/inscripciones/1/1",
							"protocol": "http",
							"host": [
								"localhost"
							],
							"port": "8080",
							"path": [
								"api",
								"inscripciones",
								"1",
								"1"
							]
						}
					},
					"response": []
				},
				{
					"name": "Get Inscripciones By Estudiante",
					"request": {
						"method": "GET",
						"header": [],
						"url": {
							"raw": "http://localhost:8080/api/inscripciones/estudiante/1",
							"protocol": "http",
							"host": [
								"localhost"
							],
							"port": "8080",
							"path": [
								"api",
								"inscripciones",
								"estudiante",
								"1"
							]
						}
					},
					"response": []
				},
				{
					"name": "Get Inscripciones By Curso",
					"request": {
						"method": "GET",
						"header": [],
						"url": {
							"raw": "http://localhost:8080/api/inscripciones/curso/1",
							"protocol": "http",
							"host": [
								"localhost"
							],
							"port": "8080",
							"path": [
								"api",
								"inscripciones",
								"curso",
								"1"
							]
						}
					},
					"response": []
				},
				{
					"name": "Create Inscripcion",
					"request": {
						"method": "POST",
						"header": [
							{
								"key": "Content-Type",
								"value": "application/json"
							}
						],
						"body": {
							"mode": "raw",
							"raw": "{\n    \"id\": {\n        \"idEstudiante\": 1,\n        \"idCurso\": 1\n    },\n    \"fechaInscripcion\": \"2024-01-15\",\n    \"estado\": \"ACTIVA\"\n}"
						},
						"url": {
							"raw": "http://localhost:8080/api/inscripciones",
							"protocol": "http",
							"host": [
								"localhost"
							],
							"port": "8080",
							"path": [
								"api",
								"inscripciones"
							]
						}
					},
					"response": []
				},
				{
					"name": "Update Inscripcion (PUT)",
					"request": {
						"method": "PUT",
						"header": [
							{
								"key": "Content-Type",
								"value": "application/json"
							}
						],
						"body": {
							"mode": "raw",
							"raw": "{\n    \"fechaInscripcion\": \"2024-02-01\",\n    \"estado\": \"EN_PROGRESO\"\n}"
						},
						"url": {
							"raw": "http://localhost:8080/api/inscripciones/1/1",
							"protocol": "http",
							"host": [
								"localhost"
							],
							"port": "8080",
							"path": [
								"api",
								"inscripciones",
								"1",
								"1"
							]
						}
					},
					"response": []
				},
				{
					"name": "Update Inscripcion (PATCH)",
					"request": {
						"method": "PATCH",
						"header": [
							{
								"key": "Content-Type",
								"value": "application/json"
							}
						],
						"body": {
							"mode": "raw",
							"raw": "{\n    \"estado\": \"COMPLETADA\"\n}"
						},
						"url": {
							"raw": "http://localhost:8080/api/inscripciones/1/1",
							"protocol": "http",
							"host": [
								"localhost"
							],
							"port": "8080",
							"path": [
								"api",
								"inscripciones",
								"1",
								"1"
							]
						}
					},
					"response": []
				},
				{
					"name": "Delete Inscripcion",
					"request": {
						"method": "DELETE",
						"header": [],
						"url": {
							"raw": "http://localhost:8080/api/inscripciones/1/1",
							"protocol": "http",
							"host": [
								"localhost"
							],
							"port": "8080",
							"path": [
								"api",
								"inscripciones",
								"1",
								"1"
							]
						}
					},
					"response": []
				}
			]
		}
	]
}
